{"branches": 99.08883826879271, "coverage": 99.18170103092784}