{"branches": 99.05437352245863, "coverage": 99.19269454737957}